use ZaliczenieBD_181960
go

--dodanie pasażerów

insert into Pasażer(IdPasażera,Imię,Nazwisko,NrTel,KrajPochodzenia) values (0,'Judah','Norman','+78805110681','Grenada');
insert into Pasażer(IdPasażera,Imię,Nazwisko,NrTel,KrajPochodzenia) values (1,'Brynn','Caldwell','+20611544393','Mali');
insert into Pasażer(IdPasażera,Imię,Nazwisko,NrTel,KrajPochodzenia) values (2,'Francisco','Townsend','+31209918856','Montenegro');
insert into Pasażer(IdPasażera,Imię,Nazwisko,NrTel,KrajPochodzenia) values (3,'Jamiya','Brewer','+6188950602','Ethiopia');
insert into Pasażer(IdPasażera,Imię,Nazwisko,NrTel,KrajPochodzenia) values (4,'Brianna','Perry','+2437070633','Iceland');
insert into Pasażer(IdPasażera,Imię,Nazwisko,NrTel,KrajPochodzenia) values (5,'Leticia','Tyler','+25906342016','Turkey');
insert into Pasażer(IdPasażera,Imię,Nazwisko,NrTel,KrajPochodzenia) values (6,'Jordan','Hampton','+40546251858','Serbia');
insert into Pasażer(IdPasażera,Imię,Nazwisko,NrTel,KrajPochodzenia) values (7,'Allyson','Macdonald','+94831399054','Barbados');
insert into Pasażer(IdPasażera,Imię,Nazwisko,NrTel,KrajPochodzenia) values (8,'Zoey','Savage','+55036553912','Czech');
insert into Pasażer(IdPasażera,Imię,Nazwisko,NrTel,KrajPochodzenia) values (9,'Rowan','Mccullough','+38774477894','Senegal');
insert into Pasażer(IdPasażera,Imię,Nazwisko,NrTel,KrajPochodzenia) values (10,'Jaylee','Whitehead','+6710060996','Tunisia');
insert into Pasażer(IdPasażera,Imię,Nazwisko,NrTel,KrajPochodzenia) values (11,'Camila','Grant','+98433189956','Congo,');
insert into Pasażer(IdPasażera,Imię,Nazwisko,NrTel,KrajPochodzenia) values (12,'Aliya','Lloyd','+31149554497','Panama');
insert into Pasażer(IdPasażera,Imię,Nazwisko,NrTel,KrajPochodzenia) values (13,'Ayden','Zavala','+7502132693','Portugal');
insert into Pasażer(IdPasażera,Imię,Nazwisko,NrTel,KrajPochodzenia) values (14,'Maci','Blackwell','+42701107342','Korea,');
insert into Pasażer(IdPasażera,Imię,Nazwisko,NrTel,KrajPochodzenia) values (15,'Judah','Norman','+39094528033','Russia');
insert into Pasażer(IdPasażera,Imię,Nazwisko,NrTel,KrajPochodzenia) values (16,'Judah','Norman','+21719095594','Malawi');
insert into Pasażer(IdPasażera,Imię,Nazwisko,NrTel,KrajPochodzenia) values (17,'Rowan','Mccullough','+5357231154','Albania');
insert into Pasażer(IdPasażera,Imię,Nazwisko,NrTel,KrajPochodzenia) values (18,'Wesley','Cobb','+79896820881','Indonesia');
insert into Pasażer(IdPasażera,Imię,Nazwisko,NrTel,KrajPochodzenia) values (19,'Gabriella','Ayers','+35487532673','Malawi');
insert into Pasażer(IdPasażera,Imię,Nazwisko,NrTel,KrajPochodzenia) values (20,'Gabriella','Ayers','+40980012391','Czech');
insert into Pasażer(IdPasażera,Imię,Nazwisko,NrTel,KrajPochodzenia) values (21,'Maximus','James','+64675084182','Latvia');
insert into Pasażer(IdPasażera,Imię,Nazwisko,NrTel,KrajPochodzenia) values (22,'Carley','Eaton','+57385099457','Haiti');
insert into Pasażer(IdPasażera,Imię,Nazwisko,NrTel,KrajPochodzenia) values (23,'Jaylee','Whitehead','+61073656134','Vatican');
insert into Pasażer(IdPasażera,Imię,Nazwisko,NrTel,KrajPochodzenia) values (24,'Cheyenne','Mooney','+25583402733','Indonesia');
insert into Pasażer(IdPasażera,Imię,Nazwisko,NrTel,KrajPochodzenia) values (25,'Avah','Whitehead','+4360563274','Congo,');
insert into Pasażer(IdPasażera,Imię,Nazwisko,NrTel,KrajPochodzenia) values (26,'Lilianna','Cooley','+48532168485','United');
insert into Pasażer(IdPasażera,Imię,Nazwisko,NrTel,KrajPochodzenia) values (27,'Maurice','Ramsey','+79488099662','Nicaragua');
insert into Pasażer(IdPasażera,Imię,Nazwisko,NrTel,KrajPochodzenia) values (28,'Ignacio','Vasquez','+97122419571','Marshall');
insert into Pasażer(IdPasażera,Imię,Nazwisko,NrTel,KrajPochodzenia) values (29,'Stella','Gallegos','+1561510376','Cuba');
insert into Pasażer(IdPasażera,Imię,Nazwisko,NrTel,KrajPochodzenia) values (30,'Isabelle','Mahoney','+65137113521','Burundi');
insert into Pasażer(IdPasażera,Imię,Nazwisko,NrTel,KrajPochodzenia) values (31,'Jamiya','Brewer','+35261674332','Honduras');
insert into Pasażer(IdPasażera,Imię,Nazwisko,NrTel,KrajPochodzenia) values (32,'Everett','Dillon','+89581032511','Slovenia');
insert into Pasażer(IdPasażera,Imię,Nazwisko,NrTel,KrajPochodzenia) values (33,'Lisa','Solomon','+95640623337','Bosnia');
insert into Pasażer(IdPasażera,Imię,Nazwisko,NrTel,KrajPochodzenia) values (34,'Gabriela','Ray','+44347734570','Tajikistan');
insert into Pasażer(IdPasażera,Imię,Nazwisko,NrTel,KrajPochodzenia) values (35,'Madilyn','Moreno','+65563887066','Honduras');
insert into Pasażer(IdPasażera,Imię,Nazwisko,NrTel,KrajPochodzenia) values (36,'Yareli','Whitney','+32098133830','United');
insert into Pasażer(IdPasażera,Imię,Nazwisko,NrTel,KrajPochodzenia) values (37,'Francisco','Townsend','+2684834529','Guatemala');
insert into Pasażer(IdPasażera,Imię,Nazwisko,NrTel,KrajPochodzenia) values (38,'Cheyenne','Mooney','+92045532113','Bhutan');
insert into Pasażer(IdPasażera,Imię,Nazwisko,NrTel,KrajPochodzenia) values (39,'Rowan','Bell','+84272190193','Jamaica');
insert into Pasażer(IdPasażera,Imię,Nazwisko,NrTel,KrajPochodzenia) values (40,'Conrad','Hudson','+86392200745','Zimbabwe');
insert into Pasażer(IdPasażera,Imię,Nazwisko,NrTel,KrajPochodzenia) values (41,'Fernanda','Lin','+85765628743','Norway');
insert into Pasażer(IdPasażera,Imię,Nazwisko,NrTel,KrajPochodzenia) values (42,'Jordan','Hampton','+75230041638','Mozambique');
insert into Pasażer(IdPasażera,Imię,Nazwisko,NrTel,KrajPochodzenia) values (43,'Maximus','James','+47573329473','San');
insert into Pasażer(IdPasażera,Imię,Nazwisko,NrTel,KrajPochodzenia) values (44,'Tatiana','Hodge','+23819245582','El');
insert into Pasażer(IdPasażera,Imię,Nazwisko,NrTel,KrajPochodzenia) values (45,'Cristian','Goodwin','+48527340130','Iraq');
insert into Pasażer(IdPasażera,Imię,Nazwisko,NrTel,KrajPochodzenia) values (46,'Talon','Romero','+85110267035','Senegal');
insert into Pasażer(IdPasażera,Imię,Nazwisko,NrTel,KrajPochodzenia) values (47,'Ezra','Whitney','+52562548569','Guinea');
insert into Pasażer(IdPasażera,Imię,Nazwisko,NrTel,KrajPochodzenia) values (48,'Faith','Tran','+86060915937','Serbia');
insert into Pasażer(IdPasażera,Imię,Nazwisko,NrTel,KrajPochodzenia) values (49,'Kiersten','Pace','+69546769815','Malawi');
insert into Pasażer(IdPasażera,Imię,Nazwisko,NrTel,KrajPochodzenia) values (50,'Camryn','Mendez','+25501762698','Saint');
insert into Pasażer(IdPasażera,Imię,Nazwisko,NrTel,KrajPochodzenia) values (51,'Haven','Boone','+46975478298','Bosnia');
insert into Pasażer(IdPasażera,Imię,Nazwisko,NrTel,KrajPochodzenia) values (52,'Amari','Wong','+9310149352','Georgia');
insert into Pasażer(IdPasażera,Imię,Nazwisko,NrTel,KrajPochodzenia) values (53,'Camryn','Mendez','+33293077766','Turkey');
insert into Pasażer(IdPasażera,Imię,Nazwisko,NrTel,KrajPochodzenia) values (54,'Gabriella','Ayers','+3542469685','Congo,');
insert into Pasażer(IdPasażera,Imię,Nazwisko,NrTel,KrajPochodzenia) values (55,'Yareli','Whitney','+44045116567','Sudan');
insert into Pasażer(IdPasażera,Imię,Nazwisko,NrTel,KrajPochodzenia) values (56,'Dakota','Levy','+27347295570','Cameroon');
insert into Pasażer(IdPasażera,Imię,Nazwisko,NrTel,KrajPochodzenia) values (57,'Collin','Stokes','+32338205534','Somalia');
insert into Pasażer(IdPasażera,Imię,Nazwisko,NrTel,KrajPochodzenia) values (58,'Myles','Cabrera','+73813207578','Algeria');
insert into Pasażer(IdPasażera,Imię,Nazwisko,NrTel,KrajPochodzenia) values (59,'Denzel','Mason','+1462067526','Nigeria');
insert into Pasażer(IdPasażera,Imię,Nazwisko,NrTel,KrajPochodzenia) values (60,'Lola','Schmitt','+87900904348','Nepal');
insert into Pasażer(IdPasażera,Imię,Nazwisko,NrTel,KrajPochodzenia) values (61,'Talon','Romero','+43744103644','Cuba');
insert into Pasażer(IdPasażera,Imię,Nazwisko,NrTel,KrajPochodzenia) values (62,'Leticia','Tyler','+26649343046','Guinea');
insert into Pasażer(IdPasażera,Imię,Nazwisko,NrTel,KrajPochodzenia) values (63,'Aliya','Lloyd','+73094455779','Congo,');
insert into Pasażer(IdPasażera,Imię,Nazwisko,NrTel,KrajPochodzenia) values (64,'Rodney','Shepard','+16173024044','Nauru');
insert into Pasażer(IdPasażera,Imię,Nazwisko,NrTel,KrajPochodzenia) values (65,'Conrad','Hudson','+76941425714','Morocco');
insert into Pasażer(IdPasażera,Imię,Nazwisko,NrTel,KrajPochodzenia) values (66,'Madilyn','Moreno','+98680387063','Uzbekistan');
insert into Pasażer(IdPasażera,Imię,Nazwisko,NrTel,KrajPochodzenia) values (67,'Eden','Nguyen','+97112904096','Tanzania');
insert into Pasażer(IdPasażera,Imię,Nazwisko,NrTel,KrajPochodzenia) values (68,'Lola','Schmitt','+2701100392','Ecuador');
insert into Pasażer(IdPasażera,Imię,Nazwisko,NrTel,KrajPochodzenia) values (69,'Amari','Wong','+84546126911','Iceland');
insert into Pasażer(IdPasażera,Imię,Nazwisko,NrTel,KrajPochodzenia) values (70,'Collin','Stokes','+80622416524','Vatican');
insert into Pasażer(IdPasażera,Imię,Nazwisko,NrTel,KrajPochodzenia) values (71,'Talon','Romero','+85157178754','Germany');
insert into Pasażer(IdPasażera,Imię,Nazwisko,NrTel,KrajPochodzenia) values (72,'Noemi','Perkins','+6935783522','Central');
insert into Pasażer(IdPasażera,Imię,Nazwisko,NrTel,KrajPochodzenia) values (73,'Brianna','Perry','+32668481669','Sudan');
insert into Pasażer(IdPasażera,Imię,Nazwisko,NrTel,KrajPochodzenia) values (74,'Liberty','Hoover','+61594500733','Turkmenistan');
insert into Pasażer(IdPasażera,Imię,Nazwisko,NrTel,KrajPochodzenia) values (75,'Maximus','James','+78665764334','The');
insert into Pasażer(IdPasażera,Imię,Nazwisko,NrTel,KrajPochodzenia) values (76,'Kaliyah','Hooper','+14255136230','Luxembourg');
insert into Pasażer(IdPasażera,Imię,Nazwisko,NrTel,KrajPochodzenia) values (77,'Myles','Cabrera','+69188510842','Egypt');
insert into Pasażer(IdPasażera,Imię,Nazwisko,NrTel,KrajPochodzenia) values (78,'Maurice','Ramsey','+8983313583','Singapore');
insert into Pasażer(IdPasażera,Imię,Nazwisko,NrTel,KrajPochodzenia) values (79,'Cordell','Dickerson','+97175640993','Peru');
insert into Pasażer(IdPasażera,Imię,Nazwisko,NrTel,KrajPochodzenia) values (80,'Isabelle','Sanford','+51982805164','Slovenia');
insert into Pasażer(IdPasażera,Imię,Nazwisko,NrTel,KrajPochodzenia) values (81,'Aliya','Lloyd','+95452062052','Samoa');
insert into Pasażer(IdPasażera,Imię,Nazwisko,NrTel,KrajPochodzenia) values (82,'Annabelle','Bean','+50746219116','Singapore');
insert into Pasażer(IdPasażera,Imię,Nazwisko,NrTel,KrajPochodzenia) values (83,'Francisco','Townsend','+69036301660','New');
insert into Pasażer(IdPasażera,Imię,Nazwisko,NrTel,KrajPochodzenia) values (84,'Isabelle','Sanford','+51553296437','Djibouti');
insert into Pasażer(IdPasażera,Imię,Nazwisko,NrTel,KrajPochodzenia) values (85,'Conrad','Hudson','+71910574029','Algeria');
insert into Pasażer(IdPasażera,Imię,Nazwisko,NrTel,KrajPochodzenia) values (86,'Hector','Knapp','+25069781933','Guinea');
insert into Pasażer(IdPasażera,Imię,Nazwisko,NrTel,KrajPochodzenia) values (87,'Wesley','Cobb','+56168415456','Greece');
insert into Pasażer(IdPasażera,Imię,Nazwisko,NrTel,KrajPochodzenia) values (88,'Maci','Blackwell','+76628402210','Cambodia');
insert into Pasażer(IdPasażera,Imię,Nazwisko,NrTel,KrajPochodzenia) values (89,'Nathan','Barber','+58037916222','United');
insert into Pasażer(IdPasażera,Imię,Nazwisko,NrTel,KrajPochodzenia) values (90,'Siena','Chapman','+38665014299','Tanzania');
insert into Pasażer(IdPasażera,Imię,Nazwisko,NrTel,KrajPochodzenia) values (91,'Madilyn','Moreno','+79978325691','Singapore');
insert into Pasażer(IdPasażera,Imię,Nazwisko,NrTel,KrajPochodzenia) values (92,'Moises','Patel','+20175602522','Equatorial');
insert into Pasażer(IdPasażera,Imię,Nazwisko,NrTel,KrajPochodzenia) values (93,'Britney','Oneal','+94569755532','Eritrea');
insert into Pasażer(IdPasażera,Imię,Nazwisko,NrTel,KrajPochodzenia) values (94,'Isabelle','Sanford','+57395535933','Ukraine');
insert into Pasażer(IdPasażera,Imię,Nazwisko,NrTel,KrajPochodzenia) values (95,'Kailee','Faulkner','+55357889250','The');
insert into Pasażer(IdPasażera,Imię,Nazwisko,NrTel,KrajPochodzenia) values (96,'Maximus','Barton','+71227678922','Portugal');
insert into Pasażer(IdPasażera,Imię,Nazwisko,NrTel,KrajPochodzenia) values (97,'Jordan','Hampton','+15539158435','United');
insert into Pasażer(IdPasażera,Imię,Nazwisko,NrTel,KrajPochodzenia) values (98,'Conrad','Hudson','+48499915149','Japan');
insert into Pasażer(IdPasażera,Imię,Nazwisko,NrTel,KrajPochodzenia) values (99,'Aliya','Lloyd','+19011246919','Israel');

--dodanie samolotów

insert into Samolot(IdSamolotu,Model,MaksPasażerów,PojemnośćBaku,MaksPrędkość,DataPrzyjęcia,CzyRejsowy) values (101,'Boeing 737',158,24500,774,'2000-06-03',0);
insert into Samolot(IdSamolotu,Model,MaksPasażerów,PojemnośćBaku,MaksPrędkość,DataPrzyjęcia,CzyRejsowy) values (111,'Boeing 777',226,33400,736,'1999-07-23',1);
insert into Samolot(IdSamolotu,Model,MaksPasażerów,PojemnośćBaku,MaksPrędkość,DataPrzyjęcia,CzyRejsowy) values (121,'Boeing 767',197,25700,652,'2019-03-13',0);
insert into Samolot(IdSamolotu,Model,MaksPasażerów,PojemnośćBaku,MaksPrędkość,DataPrzyjęcia,CzyRejsowy) values (131,'Boeing 787',145,24900,855,'2008-04-28',0);
insert into Samolot(IdSamolotu,Model,MaksPasażerów,PojemnośćBaku,MaksPrędkość,DataPrzyjęcia,CzyRejsowy) values (141,'Airbus A220',153,20700,673,'2007-09-03',0);
insert into Samolot(IdSamolotu,Model,MaksPasażerów,PojemnośćBaku,MaksPrędkość,DataPrzyjęcia,CzyRejsowy) values (151,'Airbus A300',217,28400,653,'2015-12-17',1);
insert into Samolot(IdSamolotu,Model,MaksPasażerów,PojemnośćBaku,MaksPrędkość,DataPrzyjęcia,CzyRejsowy) values (161,'Airbus A318',257,34300,667,'2001-09-26',1);
insert into Samolot(IdSamolotu,Model,MaksPasażerów,PojemnośćBaku,MaksPrędkość,DataPrzyjęcia,CzyRejsowy) values (171,'Airbus A340',307,41900,682,'1992-02-20',1);
insert into Samolot(IdSamolotu,Model,MaksPasażerów,PojemnośćBaku,MaksPrędkość,DataPrzyjęcia,CzyRejsowy) values (181,'Airbus A330',168,27800,827,'2005-02-14',0);
insert into Samolot(IdSamolotu,Model,MaksPasażerów,PojemnośćBaku,MaksPrędkość,DataPrzyjęcia,CzyRejsowy) values (191,'Airbus A380',110,19200,866,'1994-07-19',0);
insert into Samolot(IdSamolotu,Model,MaksPasażerów,PojemnośćBaku,MaksPrędkość,DataPrzyjęcia,CzyRejsowy) values (201,'Cessna 340',98,15000,759,'2019-04-23',0);
insert into Samolot(IdSamolotu,Model,MaksPasażerów,PojemnośćBaku,MaksPrędkość,DataPrzyjęcia,CzyRejsowy) values (211,'Cessna 400',288,39500,684,'1991-06-24',1);
insert into Samolot(IdSamolotu,Model,MaksPasażerów,PojemnośćBaku,MaksPrędkość,DataPrzyjęcia,CzyRejsowy) values (221,'Cessna 550',162,26800,826,'1998-06-06',0);
insert into Samolot(IdSamolotu,Model,MaksPasażerów,PojemnośćBaku,MaksPrędkość,DataPrzyjęcia,CzyRejsowy) values (231,'Cessna 680',243,35800,734,'1993-11-01',1);
insert into Samolot(IdSamolotu,Model,MaksPasażerów,PojemnośćBaku,MaksPrędkość,DataPrzyjęcia,CzyRejsowy) values (241,'Cessna 526',79,13800,864,'2004-02-09',0);

--dodanie lotnisk

insert into Lotnisko(IdLotniska,NazwaLotniska,Kraj,SkrotLotniska,CzyObslugujeRejsowe) values (1000,'Sarnia, ON','Canada','YZR',0);
insert into Lotnisko(IdLotniska,NazwaLotniska,Kraj,SkrotLotniska,CzyObslugujeRejsowe) values (1002,'Canberra, A.C.T.','Australia','CBR',0);
insert into Lotnisko(IdLotniska,NazwaLotniska,Kraj,SkrotLotniska,CzyObslugujeRejsowe) values (1004,'Szczecin','Poland','SZZ',0);
insert into Lotnisko(IdLotniska,NazwaLotniska,Kraj,SkrotLotniska,CzyObslugujeRejsowe) values (1006,'Nakhon Si Thammarat','Thailand','NST',0);
insert into Lotnisko(IdLotniska,NazwaLotniska,Kraj,SkrotLotniska,CzyObslugujeRejsowe) values (1008,'Varanasi','India','VNS',0);
insert into Lotnisko(IdLotniska,NazwaLotniska,Kraj,SkrotLotniska,CzyObslugujeRejsowe) values (1010,'Seville','Spain','SVQ',1);
insert into Lotnisko(IdLotniska,NazwaLotniska,Kraj,SkrotLotniska,CzyObslugujeRejsowe) values (1012,'Binghamton, NY','USA','BGM',1);
insert into Lotnisko(IdLotniska,NazwaLotniska,Kraj,SkrotLotniska,CzyObslugujeRejsowe) values (1014,'Busan, Korea','Republic of','PUS',0);
insert into Lotnisko(IdLotniska,NazwaLotniska,Kraj,SkrotLotniska,CzyObslugujeRejsowe) values (1016,'Abu Dhabi','United Arab Emirates','AUH',0);
insert into Lotnisko(IdLotniska,NazwaLotniska,Kraj,SkrotLotniska,CzyObslugujeRejsowe) values (1018,'Tallahassee, FL','USA','TLH',0);
insert into Lotnisko(IdLotniska,NazwaLotniska,Kraj,SkrotLotniska,CzyObslugujeRejsowe) values (1020,'Reykjavik','Iceland','REK - All Airports',0);
insert into Lotnisko(IdLotniska,NazwaLotniska,Kraj,SkrotLotniska,CzyObslugujeRejsowe) values (1022,'Cali','Colombia','CLO',0);
insert into Lotnisko(IdLotniska,NazwaLotniska,Kraj,SkrotLotniska,CzyObslugujeRejsowe) values (1024,'Sandefjord','Norway','TRF',0);
insert into Lotnisko(IdLotniska,NazwaLotniska,Kraj,SkrotLotniska,CzyObslugujeRejsowe) values (1026,'Larnaca','Cyprus','LCA',0);
insert into Lotnisko(IdLotniska,NazwaLotniska,Kraj,SkrotLotniska,CzyObslugujeRejsowe) values (1028,'Vancouver, BC','Canada','YVR',0);
insert into Lotnisko(IdLotniska,NazwaLotniska,Kraj,SkrotLotniska,CzyObslugujeRejsowe) values (1030,'Copenhagen','Denmark','CPH',0);
insert into Lotnisko(IdLotniska,NazwaLotniska,Kraj,SkrotLotniska,CzyObslugujeRejsowe) values (1032,'Basel','Switzerland','BSL',0);
insert into Lotnisko(IdLotniska,NazwaLotniska,Kraj,SkrotLotniska,CzyObslugujeRejsowe) values (1034,'Gaspe, PQ','Canada','YGP',0);
insert into Lotnisko(IdLotniska,NazwaLotniska,Kraj,SkrotLotniska,CzyObslugujeRejsowe) values (1036,'Milan','Italy','MIL - All',0);
insert into Lotnisko(IdLotniska,NazwaLotniska,Kraj,SkrotLotniska,CzyObslugujeRejsowe) values (1038,'Medicine Hat, AB','Canada','YXH',0);
insert into Lotnisko(IdLotniska,NazwaLotniska,Kraj,SkrotLotniska,CzyObslugujeRejsowe) values (1040,'Naryan Mar','Russia','NNM',0);
insert into Lotnisko(IdLotniska,NazwaLotniska,Kraj,SkrotLotniska,CzyObslugujeRejsowe) values (1042,'Decatur, IL','USA','DEC',0);
insert into Lotnisko(IdLotniska,NazwaLotniska,Kraj,SkrotLotniska,CzyObslugujeRejsowe) values (1044,'Puerto Vallarta','Mexico','PVR',0);
insert into Lotnisko(IdLotniska,NazwaLotniska,Kraj,SkrotLotniska,CzyObslugujeRejsowe) values (1046,'Barranquilla','Colombia','BAQ',0);
insert into Lotnisko(IdLotniska,NazwaLotniska,Kraj,SkrotLotniska,CzyObslugujeRejsowe) values (1048,'Ponca City, OK','USA','PNC',1);
insert into Lotnisko(IdLotniska,NazwaLotniska,Kraj,SkrotLotniska,CzyObslugujeRejsowe) values (1050,'Quesnel, BC','Canada','YQZ',0);
insert into Lotnisko(IdLotniska,NazwaLotniska,Kraj,SkrotLotniska,CzyObslugujeRejsowe) values (1052,'Mulhouse','France','MLH',0);
insert into Lotnisko(IdLotniska,NazwaLotniska,Kraj,SkrotLotniska,CzyObslugujeRejsowe) values (1054,'Kailua-Kona, HI','USA','KOA',1);
insert into Lotnisko(IdLotniska,NazwaLotniska,Kraj,SkrotLotniska,CzyObslugujeRejsowe) values (1056,'Concepcion','Chile','CCP',1);
insert into Lotnisko(IdLotniska,NazwaLotniska,Kraj,SkrotLotniska,CzyObslugujeRejsowe) values (1058,'Dangriga','Belize','DGA',0);
insert into Lotnisko(IdLotniska,NazwaLotniska,Kraj,SkrotLotniska,CzyObslugujeRejsowe) values (1060,'Cairns, Qld.','Australia','CNS',1);
insert into Lotnisko(IdLotniska,NazwaLotniska,Kraj,SkrotLotniska,CzyObslugujeRejsowe) values (1062,'Charlottesville, VA','USA','CHO',0);
insert into Lotnisko(IdLotniska,NazwaLotniska,Kraj,SkrotLotniska,CzyObslugujeRejsowe) values (1064,'Monclova','Mexico','LOV',1);
insert into Lotnisko(IdLotniska,NazwaLotniska,Kraj,SkrotLotniska,CzyObslugujeRejsowe) values (1066,'Tampico','Mexico','TAM',0);
insert into Lotnisko(IdLotniska,NazwaLotniska,Kraj,SkrotLotniska,CzyObslugujeRejsowe) values (1068,'Cape Town','South Africa','CPT',1);
insert into Lotnisko(IdLotniska,NazwaLotniska,Kraj,SkrotLotniska,CzyObslugujeRejsowe) values (1070,'Osorno','Chile','ZOS',0);
insert into Lotnisko(IdLotniska,NazwaLotniska,Kraj,SkrotLotniska,CzyObslugujeRejsowe) values (1072,'Agana','Guam','GUM',0);
insert into Lotnisko(IdLotniska,NazwaLotniska,Kraj,SkrotLotniska,CzyObslugujeRejsowe) values (1074,'Manama','Bahrain','BAH',0);
insert into Lotnisko(IdLotniska,NazwaLotniska,Kraj,SkrotLotniska,CzyObslugujeRejsowe) values (1076,'Santiago','Dominican Republic','STI',1);
insert into Lotnisko(IdLotniska,NazwaLotniska,Kraj,SkrotLotniska,CzyObslugujeRejsowe) values (1078,'Smithers, BC','Canada','YYD',0);


--dodanie pilotów

insert into Pilot(IdPilota,Nazwisko,Płeć,Wiek,IlośćGodzinLotu) values (10,'Macdonald','K',50,1021);
insert into Pilot(IdPilota,Nazwisko,Płeć,Wiek,IlośćGodzinLotu) values (20,'Stokes','M',62,4787);
insert into Pilot(IdPilota,Nazwisko,Płeć,Wiek,IlośćGodzinLotu) values (30,'Lloyd','K',61,835);
insert into Pilot(IdPilota,Nazwisko,Płeć,Wiek,IlośćGodzinLotu) values (40,'Knapp','M',54,4209);
insert into Pilot(IdPilota,Nazwisko,Płeć,Wiek,IlośćGodzinLotu) values (50,'Ayers','M',58,5095);
insert into Pilot(IdPilota,Nazwisko,Płeć,Wiek,IlośćGodzinLotu) values (60,'Zavala','M',42,893);
insert into Pilot(IdPilota,Nazwisko,Płeć,Wiek,IlośćGodzinLotu) values (70,'Mccullough','M',37,3000);
insert into Pilot(IdPilota,Nazwisko,Płeć,Wiek,IlośćGodzinLotu) values (80,'Caldwell','K',54,3516);
insert into Pilot(IdPilota,Nazwisko,Płeć,Wiek,IlośćGodzinLotu) values (90,'Macdonald','M',49,3999);
insert into Pilot(IdPilota,Nazwisko,Płeć,Wiek,IlośćGodzinLotu) values (100,'Ramsey','M',54,3772);
insert into Pilot(IdPilota,Nazwisko,Płeć,Wiek,IlośćGodzinLotu) values (110,'Stokes','M',62,2401);
insert into Pilot(IdPilota,Nazwisko,Płeć,Wiek,IlośćGodzinLotu) values (120,'Chapman','M',50,966);
insert into Pilot(IdPilota,Nazwisko,Płeć,Wiek,IlośćGodzinLotu) values (130,'Levy','K',28,3753);
insert into Pilot(IdPilota,Nazwisko,Płeć,Wiek,IlośćGodzinLotu) values (140,'Pace','K',61,3738);
insert into Pilot(IdPilota,Nazwisko,Płeć,Wiek,IlośćGodzinLotu) values (150,'Dillon','K',61,4264);
insert into Pilot(IdPilota,Nazwisko,Płeć,Wiek,IlośćGodzinLotu) values (160,'Tran','M',33,1911);
insert into Pilot(IdPilota,Nazwisko,Płeć,Wiek,IlośćGodzinLotu) values (170,'Zavala','M',30,2127);
insert into Pilot(IdPilota,Nazwisko,Płeć,Wiek,IlośćGodzinLotu) values (180,'Mendez','M',27,2386);
insert into Pilot(IdPilota,Nazwisko,Płeć,Wiek,IlośćGodzinLotu) values (190,'Whitney','K',45,1281);
insert into Pilot(IdPilota,Nazwisko,Płeć,Wiek,IlośćGodzinLotu) values (200,'Reed','M',37,3499);
insert into Pilot(IdPilota,Nazwisko,Płeć,Wiek,IlośćGodzinLotu) values (210,'Pope','K',44,4540);
insert into Pilot(IdPilota,Nazwisko,Płeć,Wiek,IlośćGodzinLotu) values (220,'Vasquez','M',46,5598);
insert into Pilot(IdPilota,Nazwisko,Płeć,Wiek,IlośćGodzinLotu) values (230,'Ayers','M',44,5086);
insert into Pilot(IdPilota,Nazwisko,Płeć,Wiek,IlośćGodzinLotu) values (240,'Hampton','M',27,1597);
insert into Pilot(IdPilota,Nazwisko,Płeć,Wiek,IlośćGodzinLotu) values (250,'Duke','M',59,2641);
insert into Pilot(IdPilota,Nazwisko,Płeć,Wiek,IlośćGodzinLotu) values (260,'Hampton','M',58,872);
insert into Pilot(IdPilota,Nazwisko,Płeć,Wiek,IlośćGodzinLotu) values (270,'Cline','M',54,1617);
insert into Pilot(IdPilota,Nazwisko,Płeć,Wiek,IlośćGodzinLotu) values (280,'Shepard','M',25,4031);
insert into Pilot(IdPilota,Nazwisko,Płeć,Wiek,IlośćGodzinLotu) values (290,'Woodard','K',30,4378);
insert into Pilot(IdPilota,Nazwisko,Płeć,Wiek,IlośćGodzinLotu) values (300,'Whitney','M',35,5459);
insert into Pilot(IdPilota,Nazwisko,Płeć,Wiek,IlośćGodzinLotu) values (310,'Petty','K',55,1276);
insert into Pilot(IdPilota,Nazwisko,Płeć,Wiek,IlośćGodzinLotu) values (320,'Duke','K',26,5794);
insert into Pilot(IdPilota,Nazwisko,Płeć,Wiek,IlośćGodzinLotu) values (330,'Ho','M',36,2793);
insert into Pilot(IdPilota,Nazwisko,Płeć,Wiek,IlośćGodzinLotu) values (340,'Whitehead','K',37,4034);
insert into Pilot(IdPilota,Nazwisko,Płeć,Wiek,IlośćGodzinLotu) values (350,'Petty','M',60,5339);
insert into Pilot(IdPilota,Nazwisko,Płeć,Wiek,IlośćGodzinLotu) values (360,'Boone','M',60,4683);
insert into Pilot(IdPilota,Nazwisko,Płeć,Wiek,IlośćGodzinLotu) values (370,'Dickerson','M',64,4712);
insert into Pilot(IdPilota,Nazwisko,Płeć,Wiek,IlośćGodzinLotu) values (380,'Dickerson','M',38,5031);
insert into Pilot(IdPilota,Nazwisko,Płeć,Wiek,IlośćGodzinLotu) values (390,'Townsend','M',25,5000);
insert into Pilot(IdPilota,Nazwisko,Płeć,Wiek,IlośćGodzinLotu) values (400,'Ho','M',41,4547);


--dodanie lotów

insert into Lot(IdLotu,IdSamolotu,IdPilota,DataWylotu,GodzinaWylotu,CzasLotu,IdLotniskoWylotu,CelLotu) values (10000,231,210,'2020-10-25','13:50','04:00',1018,'Tanzania');
insert into Lot(IdLotu,IdSamolotu,IdPilota,DataWylotu,GodzinaWylotu,CzasLotu,IdLotniskoWylotu,CelLotu) values (10001,241,370,'2021-04-01','14:30','03:40',1030,'Albania');
insert into Lot(IdLotu,IdSamolotu,IdPilota,DataWylotu,GodzinaWylotu,CzasLotu,IdLotniskoWylotu,CelLotu) values (10002,121,60,'2020-11-18','10:00','08:20',1072,'Chile');
insert into Lot(IdLotu,IdSamolotu,IdPilota,DataWylotu,GodzinaWylotu,CzasLotu,IdLotniskoWylotu,CelLotu) values (10003,161,270,'2020-12-20','06:40','02:50',1070,'Burundi');
insert into Lot(IdLotu,IdSamolotu,IdPilota,DataWylotu,GodzinaWylotu,CzasLotu,IdLotniskoWylotu,CelLotu) values (10004,221,400,'2021-10-05','04:10','10:50',1054,'Saint');
insert into Lot(IdLotu,IdSamolotu,IdPilota,DataWylotu,GodzinaWylotu,CzasLotu,IdLotniskoWylotu,CelLotu) values (10005,191,30,'2021-05-20','06:00','06:00',1066,'Antigua');
insert into Lot(IdLotu,IdSamolotu,IdPilota,DataWylotu,GodzinaWylotu,CzasLotu,IdLotniskoWylotu,CelLotu) values (10006,181,310,'2021-01-01','10:30','09:30',1018,'Laos');
insert into Lot(IdLotu,IdSamolotu,IdPilota,DataWylotu,GodzinaWylotu,CzasLotu,IdLotniskoWylotu,CelLotu) values (10007,141,40,'2021-02-10','04:40','13:50',1012,'Nauru');
insert into Lot(IdLotu,IdSamolotu,IdPilota,DataWylotu,GodzinaWylotu,CzasLotu,IdLotniskoWylotu,CelLotu) values (10008,181,10,'2020-02-18','17:20','08:40',1026,'Bahrain');
insert into Lot(IdLotu,IdSamolotu,IdPilota,DataWylotu,GodzinaWylotu,CzasLotu,IdLotniskoWylotu,CelLotu) values (10009,141,290,'2021-01-17','16:10','10:50',1044,'France');
insert into Lot(IdLotu,IdSamolotu,IdPilota,DataWylotu,GodzinaWylotu,CzasLotu,IdLotniskoWylotu,CelLotu) values (10010,241,90,'2020-06-10','01:50','13:00',1036,'Serbia');
insert into Lot(IdLotu,IdSamolotu,IdPilota,DataWylotu,GodzinaWylotu,CzasLotu,IdLotniskoWylotu,CelLotu) values (10011,211,260,'2021-06-21','07:50','11:40',1074,'Jordan');
insert into Lot(IdLotu,IdSamolotu,IdPilota,DataWylotu,GodzinaWylotu,CzasLotu,IdLotniskoWylotu,CelLotu) values (10012,111,50,'2020-04-14','07:00','09:50',1042,'Kosovo');
insert into Lot(IdLotu,IdSamolotu,IdPilota,DataWylotu,GodzinaWylotu,CzasLotu,IdLotniskoWylotu,CelLotu) values (10013,191,320,'2021-08-19','01:30','03:40',1064,'Sierra');
insert into Lot(IdLotu,IdSamolotu,IdPilota,DataWylotu,GodzinaWylotu,CzasLotu,IdLotniskoWylotu,CelLotu) values (10014,171,180,'2020-08-09','12:50','09:20',1020,'Mali');
insert into Lot(IdLotu,IdSamolotu,IdPilota,DataWylotu,GodzinaWylotu,CzasLotu,IdLotniskoWylotu,CelLotu) values (10015,211,110,'2021-01-06','03:00','08:50',1024,'Kuwait');
insert into Lot(IdLotu,IdSamolotu,IdPilota,DataWylotu,GodzinaWylotu,CzasLotu,IdLotniskoWylotu,CelLotu) values (10016,191,280,'2020-02-12','11:20','06:40',1074,'Estonia');
insert into Lot(IdLotu,IdSamolotu,IdPilota,DataWylotu,GodzinaWylotu,CzasLotu,IdLotniskoWylotu,CelLotu) values (10017,191,160,'2020-02-01','12:30','09:50',1058,'Suriname');
insert into Lot(IdLotu,IdSamolotu,IdPilota,DataWylotu,GodzinaWylotu,CzasLotu,IdLotniskoWylotu,CelLotu) values (10018,211,240,'2020-07-14','06:30','08:10',1072,'Costa');
insert into Lot(IdLotu,IdSamolotu,IdPilota,DataWylotu,GodzinaWylotu,CzasLotu,IdLotniskoWylotu,CelLotu) values (10019,181,230,'2020-05-28','11:00','08:40',1062,'South');
insert into Lot(IdLotu,IdSamolotu,IdPilota,DataWylotu,GodzinaWylotu,CzasLotu,IdLotniskoWylotu,CelLotu) values (10020,111,300,'2021-12-12','09:30','11:00',1054,'Singapore');
insert into Lot(IdLotu,IdSamolotu,IdPilota,DataWylotu,GodzinaWylotu,CzasLotu,IdLotniskoWylotu,CelLotu) values (10021,111,130,'2020-02-14','14:40','08:20',1032,'Georgia');
insert into Lot(IdLotu,IdSamolotu,IdPilota,DataWylotu,GodzinaWylotu,CzasLotu,IdLotniskoWylotu,CelLotu) values (10022,211,390,'2020-10-13','04:30','04:40',1012,'Montenegro');
insert into Lot(IdLotu,IdSamolotu,IdPilota,DataWylotu,GodzinaWylotu,CzasLotu,IdLotniskoWylotu,CelLotu) values (10023,241,190,'2020-07-04','20:10','10:50',1020,'Mali');
insert into Lot(IdLotu,IdSamolotu,IdPilota,DataWylotu,GodzinaWylotu,CzasLotu,IdLotniskoWylotu,CelLotu) values (10024,101,80,'2021-07-23','20:00','12:10',1004,'Palau');
insert into Lot(IdLotu,IdSamolotu,IdPilota,DataWylotu,GodzinaWylotu,CzasLotu,IdLotniskoWylotu,CelLotu) values (10025,201,350,'2020-08-31','03:50','11:40',1072,'Moldova');
insert into Lot(IdLotu,IdSamolotu,IdPilota,DataWylotu,GodzinaWylotu,CzasLotu,IdLotniskoWylotu,CelLotu) values (10026,131,330,'2020-04-22','18:20','11:40',1054,'Togo');
insert into Lot(IdLotu,IdSamolotu,IdPilota,DataWylotu,GodzinaWylotu,CzasLotu,IdLotniskoWylotu,CelLotu) values (10027,221,170,'2021-11-26','10:00','11:50',1052,'Tajikistan');
insert into Lot(IdLotu,IdSamolotu,IdPilota,DataWylotu,GodzinaWylotu,CzasLotu,IdLotniskoWylotu,CelLotu) values (10028,201,20,'2021-04-19','01:50','05:50',1060,'Angola');
insert into Lot(IdLotu,IdSamolotu,IdPilota,DataWylotu,GodzinaWylotu,CzasLotu,IdLotniskoWylotu,CelLotu) values (10029,131,250,'2021-11-27','15:00','07:10',1078,'Armenia');
insert into Lot(IdLotu,IdSamolotu,IdPilota,DataWylotu,GodzinaWylotu,CzasLotu,IdLotniskoWylotu,CelLotu) values (10030,111,360,'2021-03-04','11:10','11:10',1078,'Slovenia');
insert into Lot(IdLotu,IdSamolotu,IdPilota,DataWylotu,GodzinaWylotu,CzasLotu,IdLotniskoWylotu,CelLotu) values (10031,111,200,'2020-05-09','00:50','03:40',1034,'Solomon');
insert into Lot(IdLotu,IdSamolotu,IdPilota,DataWylotu,GodzinaWylotu,CzasLotu,IdLotniskoWylotu,CelLotu) values (10032,131,380,'2020-10-23','04:40','09:30',1004,'Peru');
insert into Lot(IdLotu,IdSamolotu,IdPilota,DataWylotu,GodzinaWylotu,CzasLotu,IdLotniskoWylotu,CelLotu) values (10033,151,120,'2021-10-12','13:40','08:50',1072,'Libya');
insert into Lot(IdLotu,IdSamolotu,IdPilota,DataWylotu,GodzinaWylotu,CzasLotu,IdLotniskoWylotu,CelLotu) values (10034,241,70,'2021-09-30','12:10','08:10',1042,'Guyana');
insert into Lot(IdLotu,IdSamolotu,IdPilota,DataWylotu,GodzinaWylotu,CzasLotu,IdLotniskoWylotu,CelLotu) values (10035,141,150,'2021-10-02','19:10','02:20',1024,'Saint');
insert into Lot(IdLotu,IdSamolotu,IdPilota,DataWylotu,GodzinaWylotu,CzasLotu,IdLotniskoWylotu,CelLotu) values (10036,151,100,'2021-03-10','00:40','05:30',1024,'Cambodia');
insert into Lot(IdLotu,IdSamolotu,IdPilota,DataWylotu,GodzinaWylotu,CzasLotu,IdLotniskoWylotu,CelLotu) values (10037,131,140,'2020-04-15','10:10','10:20',1012,'Bhutan');
insert into Lot(IdLotu,IdSamolotu,IdPilota,DataWylotu,GodzinaWylotu,CzasLotu,IdLotniskoWylotu,CelLotu) values (10038,211,220,'2020-02-21','16:40','12:40',1070,'Kuwait');
insert into Lot(IdLotu,IdSamolotu,IdPilota,DataWylotu,GodzinaWylotu,CzasLotu,IdLotniskoWylotu,CelLotu) values (10039,101,340,'2020-12-21','23:30','12:00',1062,'Armenia');

--dodanie biletów

insert into Bilet(IdBiletu,IdPasażera,IdLotu) values (100000,51,10018);
insert into Bilet(IdBiletu,IdPasażera,IdLotu) values (100101,98,10020);
insert into Bilet(IdBiletu,IdPasażera,IdLotu) values (100202,7,10022);
insert into Bilet(IdBiletu,IdPasażera,IdLotu) values (100303,15,10015);
insert into Bilet(IdBiletu,IdPasażera,IdLotu) values (100404,46,10001);
insert into Bilet(IdBiletu,IdPasażera,IdLotu) values (100505,44,10005);
insert into Bilet(IdBiletu,IdPasażera,IdLotu) values (100606,10,10033);
insert into Bilet(IdBiletu,IdPasażera,IdLotu) values (100707,83,10035);
insert into Bilet(IdBiletu,IdPasażera,IdLotu) values (100808,52,10037);
insert into Bilet(IdBiletu,IdPasażera,IdLotu) values (100909,7,10022);
insert into Bilet(IdBiletu,IdPasażera,IdLotu) values (101010,31,10020);
insert into Bilet(IdBiletu,IdPasażera,IdLotu) values (101111,64,10019);
insert into Bilet(IdBiletu,IdPasażera,IdLotu) values (101212,74,10007);
insert into Bilet(IdBiletu,IdPasażera,IdLotu) values (101313,40,10032);
insert into Bilet(IdBiletu,IdPasażera,IdLotu) values (101414,46,10024);
insert into Bilet(IdBiletu,IdPasażera,IdLotu) values (101515,38,10021);
insert into Bilet(IdBiletu,IdPasażera,IdLotu) values (101616,56,10038);
insert into Bilet(IdBiletu,IdPasażera,IdLotu) values (101717,13,10026);
insert into Bilet(IdBiletu,IdPasażera,IdLotu) values (101818,63,10006);
insert into Bilet(IdBiletu,IdPasażera,IdLotu) values (101919,67,10023);
insert into Bilet(IdBiletu,IdPasażera,IdLotu) values (102020,30,10039);
insert into Bilet(IdBiletu,IdPasażera,IdLotu) values (102121,41,10034);
insert into Bilet(IdBiletu,IdPasażera,IdLotu) values (102222,42,10002);
insert into Bilet(IdBiletu,IdPasażera,IdLotu) values (102323,6,10032);
insert into Bilet(IdBiletu,IdPasażera,IdLotu) values (102424,34,10021);
insert into Bilet(IdBiletu,IdPasażera,IdLotu) values (102525,34,10019);
insert into Bilet(IdBiletu,IdPasażera,IdLotu) values (102626,70,10018);
insert into Bilet(IdBiletu,IdPasażera,IdLotu) values (102727,28,10028);
insert into Bilet(IdBiletu,IdPasażera,IdLotu) values (102828,92,10032);
insert into Bilet(IdBiletu,IdPasażera,IdLotu) values (102929,61,10022);
insert into Bilet(IdBiletu,IdPasażera,IdLotu) values (103030,41,10014);
insert into Bilet(IdBiletu,IdPasażera,IdLotu) values (103131,98,10031);
insert into Bilet(IdBiletu,IdPasażera,IdLotu) values (103232,45,10031);
insert into Bilet(IdBiletu,IdPasażera,IdLotu) values (103333,26,10003);
insert into Bilet(IdBiletu,IdPasażera,IdLotu) values (103434,66,10007);
insert into Bilet(IdBiletu,IdPasażera,IdLotu) values (103535,76,10030);
insert into Bilet(IdBiletu,IdPasażera,IdLotu) values (103636,67,10008);
insert into Bilet(IdBiletu,IdPasażera,IdLotu) values (103737,31,10022);
insert into Bilet(IdBiletu,IdPasażera,IdLotu) values (103838,58,10025);
insert into Bilet(IdBiletu,IdPasażera,IdLotu) values (103939,99,10035);
insert into Bilet(IdBiletu,IdPasażera,IdLotu) values (104040,46,10028);
insert into Bilet(IdBiletu,IdPasażera,IdLotu) values (104141,84,10004);
insert into Bilet(IdBiletu,IdPasażera,IdLotu) values (104242,15,10003);
insert into Bilet(IdBiletu,IdPasażera,IdLotu) values (104343,83,10008);
insert into Bilet(IdBiletu,IdPasażera,IdLotu) values (104444,44,10014);
insert into Bilet(IdBiletu,IdPasażera,IdLotu) values (104545,86,10013);
insert into Bilet(IdBiletu,IdPasażera,IdLotu) values (104646,15,10035);
insert into Bilet(IdBiletu,IdPasażera,IdLotu) values (104747,49,10032);
insert into Bilet(IdBiletu,IdPasażera,IdLotu) values (104848,77,10018);
insert into Bilet(IdBiletu,IdPasażera,IdLotu) values (104949,39,10033);
insert into Bilet(IdBiletu,IdPasażera,IdLotu) values (105050,38,10028);
insert into Bilet(IdBiletu,IdPasażera,IdLotu) values (105151,50,10010);
insert into Bilet(IdBiletu,IdPasażera,IdLotu) values (105252,95,10000);
insert into Bilet(IdBiletu,IdPasażera,IdLotu) values (105353,10,10029);
insert into Bilet(IdBiletu,IdPasażera,IdLotu) values (105454,79,10001);
insert into Bilet(IdBiletu,IdPasażera,IdLotu) values (105555,61,10007);
insert into Bilet(IdBiletu,IdPasażera,IdLotu) values (105656,55,10015);
insert into Bilet(IdBiletu,IdPasażera,IdLotu) values (105757,73,10013);
insert into Bilet(IdBiletu,IdPasażera,IdLotu) values (105858,50,10009);
insert into Bilet(IdBiletu,IdPasażera,IdLotu) values (105959,57,10033);
insert into Bilet(IdBiletu,IdPasażera,IdLotu) values (106060,62,10004);
insert into Bilet(IdBiletu,IdPasażera,IdLotu) values (106161,65,10017);
insert into Bilet(IdBiletu,IdPasażera,IdLotu) values (106262,52,10035);
insert into Bilet(IdBiletu,IdPasażera,IdLotu) values (106363,68,10020);
insert into Bilet(IdBiletu,IdPasażera,IdLotu) values (106464,85,10011);
insert into Bilet(IdBiletu,IdPasażera,IdLotu) values (106565,40,10026);
insert into Bilet(IdBiletu,IdPasażera,IdLotu) values (106666,21,10025);
insert into Bilet(IdBiletu,IdPasażera,IdLotu) values (106767,29,10039);
insert into Bilet(IdBiletu,IdPasażera,IdLotu) values (106868,20,10010);
insert into Bilet(IdBiletu,IdPasażera,IdLotu) values (106969,39,10019);
insert into Bilet(IdBiletu,IdPasażera,IdLotu) values (107070,68,10038);
insert into Bilet(IdBiletu,IdPasażera,IdLotu) values (107171,70,10025);
insert into Bilet(IdBiletu,IdPasażera,IdLotu) values (107272,94,10002);
insert into Bilet(IdBiletu,IdPasażera,IdLotu) values (107373,84,10026);
insert into Bilet(IdBiletu,IdPasażera,IdLotu) values (107474,6,10025);
insert into Bilet(IdBiletu,IdPasażera,IdLotu) values (107575,78,10022);
insert into Bilet(IdBiletu,IdPasażera,IdLotu) values (107676,22,10031);
insert into Bilet(IdBiletu,IdPasażera,IdLotu) values (107777,25,10014);
insert into Bilet(IdBiletu,IdPasażera,IdLotu) values (107878,96,10002);
insert into Bilet(IdBiletu,IdPasażera,IdLotu) values (107979,52,10032);
insert into Bilet(IdBiletu,IdPasażera,IdLotu) values (108080,99,10021);
insert into Bilet(IdBiletu,IdPasażera,IdLotu) values (108181,86,10000);
insert into Bilet(IdBiletu,IdPasażera,IdLotu) values (108282,95,10034);
insert into Bilet(IdBiletu,IdPasażera,IdLotu) values (108383,37,10008);
insert into Bilet(IdBiletu,IdPasażera,IdLotu) values (108484,9,10003);
insert into Bilet(IdBiletu,IdPasażera,IdLotu) values (108585,6,10036);
insert into Bilet(IdBiletu,IdPasażera,IdLotu) values (108686,67,10036);
insert into Bilet(IdBiletu,IdPasażera,IdLotu) values (108787,37,10012);
insert into Bilet(IdBiletu,IdPasażera,IdLotu) values (108888,34,10009);
insert into Bilet(IdBiletu,IdPasażera,IdLotu) values (108989,70,10007);
insert into Bilet(IdBiletu,IdPasażera,IdLotu) values (109090,77,10024);
insert into Bilet(IdBiletu,IdPasażera,IdLotu) values (109191,18,10024);
insert into Bilet(IdBiletu,IdPasażera,IdLotu) values (109292,17,10027);
insert into Bilet(IdBiletu,IdPasażera,IdLotu) values (109393,96,10016);
insert into Bilet(IdBiletu,IdPasażera,IdLotu) values (109494,14,10028);
insert into Bilet(IdBiletu,IdPasażera,IdLotu) values (109595,75,10008);
insert into Bilet(IdBiletu,IdPasażera,IdLotu) values (109696,21,10021);
insert into Bilet(IdBiletu,IdPasażera,IdLotu) values (109797,12,10024);
insert into Bilet(IdBiletu,IdPasażera,IdLotu) values (109898,6,10027);
insert into Bilet(IdBiletu,IdPasażera,IdLotu) values (109999,66,10017);